"Date ","series ","OPEN ","HIGH ","LOW ","PREV. CLOSE ","ltp ","close ","vwap ","52W H ","52W L ","VOLUME ","VALUE ","No of trades "
"05-Apr-2024","EQ","10.95","11.25","10.85","10.75","11.25","11.25","11.10","15.85","7.90","7,96,497","88,45,063.45","2,036"
"04-Apr-2024","EQ","10.75","10.75","10.20","10.25","10.75","10.75","10.61","15.85","7.90","25,40,828","2,69,67,091.25","3,355"
"03-Apr-2024","EQ","10.20","10.25","10.10","9.80","10.25","10.25","10.23","15.85","7.90","3,24,473","33,17,859.25","441"
"02-Apr-2024","EQ","9.65","9.80","9.55","9.35","9.80","9.80","9.75","15.85","7.90","4,05,781","39,55,474.85","518"
"01-Apr-2024","EQ","9.00","9.35","9.00","8.95","9.35","9.35","9.23","15.85","7.90","4,61,992","42,63,612.30","657"
"28-Mar-2024","EQ","9.35","9.60","8.90","9.25","8.95","8.95","9.21","15.85","7.90","25,03,325","2,30,44,394.85","3,174"
"27-Mar-2024","EQ","9.70","9.75","9.20","9.65","9.25","9.25","9.42","15.85","7.90","23,60,985","2,22,34,627.00","2,902"
"26-Mar-2024","EQ","10.05","10.05","9.55","9.90","9.55","9.65","9.74","15.85","7.90","14,90,517","1,45,22,781.75","2,292"
"22-Mar-2024","EQ","10.30","10.30","9.80","10.20","9.90","9.90","9.96","15.85","7.90","19,29,776","1,92,24,810.20","2,505"
"21-Mar-2024","EQ","9.85","10.20","9.75","9.75","10.20","10.20","10.01","15.85","7.90","13,92,268","1,39,43,440.50","2,083"
"20-Mar-2024","EQ","10.10","10.15","9.65","10.05","9.70","9.75","9.83","15.85","7.90","10,39,192","1,02,16,563.75","1,988"
"19-Mar-2024","EQ","10.35","10.45","9.95","10.35","10.05","10.05","10.06","15.85","7.90","10,65,921","1,07,25,547.45","1,956"
"18-Mar-2024","EQ","10.60","10.75","10.05","10.25","10.30","10.35","10.50","15.85","7.90","18,87,721","1,98,12,471.05","2,250"
"15-Mar-2024","EQ","9.80","10.25","9.80","9.80","10.25","10.25","10.11","15.85","7.90","14,71,212","1,48,71,022.80","2,212"
"14-Mar-2024","EQ","9.55","10.10","9.45","9.95","9.80","9.80","9.65","15.85","7.90","35,30,594","3,40,86,082.95","4,137"
"13-Mar-2024","EQ","10.15","10.30","9.95","10.45","9.95","9.95","10.04","15.85","7.90","12,36,323","1,24,13,782.25","1,289"
"12-Mar-2024","EQ","10.85","10.95","10.45","11.00","10.45","10.45","10.53","15.85","7.90","10,49,199","1,10,50,808.25","1,245"
"11-Mar-2024","EQ","11.55","11.75","11.00","11.55","11.00","11.00","11.17","15.85","7.90","11,41,310","1,27,50,079.05","2,119"
"07-Mar-2024","EQ","11.35","11.70","11.35","11.35","11.65","11.55","11.61","15.85","7.90","9,33,452","1,08,37,139.45","1,891"
"06-Mar-2024","EQ","11.80","11.85","11.30","11.90","11.30","11.35","11.46","15.85","7.90","21,61,736","2,47,67,238.25","2,690"
"05-Mar-2024","EQ","12.20","12.50","11.85","12.20","11.85","11.90","12.07","15.85","7.90","13,17,719","1,59,02,352.70","2,172"
"04-Mar-2024","EQ","12.05","12.50","12.00","12.00","12.30","12.20","12.31","15.85","7.90","11,26,231","1,38,64,119.05","1,834"
"02-Mar-2024","EQ","12.05","12.10","11.90","12.10","12.10","12.00","12.00","15.85","7.90","4,52,622","54,32,622.45","850"
"01-Mar-2024","EQ","12.50","12.70","12.00","12.40","12.00","12.10","12.33","15.85","7.90","16,54,016","2,03,98,695.80","2,493"
"29-Feb-2024","EQ","12.85","12.85","12.15","12.50","12.30","12.40","12.39","15.85","7.90","10,24,246","1,26,87,844.90","1,990"
"28-Feb-2024","EQ","12.85","13.05","12.15","12.75","13.00","12.50","12.36","15.85","7.90","35,03,061","4,33,11,532.70","3,522"
"27-Feb-2024","EQ","13.00","13.15","12.70","13.05","12.70","12.75","12.92","15.85","7.90","9,82,072","1,26,91,954.50","2,002"
"26-Feb-2024","EQ","13.40","13.60","13.00","13.35","13.10","13.05","13.22","15.85","7.90","8,40,544","1,11,11,373.80","1,949"
"23-Feb-2024","EQ","13.20","13.75","13.20","13.15","13.40","13.35","13.51","15.85","7.90","11,88,784","1,60,55,160.00","2,144"
"22-Feb-2024","EQ","13.60","13.60","13.00","13.40","13.15","13.15","13.20","15.85","7.90","10,40,256","1,37,30,547.90","2,199"
"21-Feb-2024","EQ","13.85","14.05","13.25","13.80","13.60","13.40","13.61","15.85","7.90","16,18,337","2,20,30,778.10","2,443"
"20-Feb-2024","EQ","13.15","13.80","13.00","13.15","13.80","13.80","13.60","15.85","7.90","15,87,948","2,15,90,466.60","1,948"
"19-Feb-2024","EQ","13.40","13.65","13.10","13.40","13.15","13.15","13.24","15.85","7.90","11,62,184","1,53,82,633.10","2,136"
"16-Feb-2024","EQ","13.90","13.95","13.35","13.80","13.40","13.40","13.52","15.85","7.90","12,25,518","1,65,68,370.50","2,349"
"15-Feb-2024","EQ","13.60","14.10","13.60","13.50","13.85","13.80","13.85","15.85","7.90","17,73,732","2,45,68,703.80","2,658"
"14-Feb-2024","EQ","12.55","13.50","12.55","12.90","13.50","13.50","13.27","15.85","7.90","11,27,970","1,49,65,829.30","1,560"
"13-Feb-2024","EQ","13.10","13.20","12.55","13.20","12.90","12.90","12.77","15.85","7.90","24,93,932","3,18,59,527.30","3,027"
"12-Feb-2024","EQ","13.75","13.85","13.15","13.75","13.20","13.20","13.36","15.85","7.90","20,19,299","2,69,78,583.00","2,780"
"09-Feb-2024","EQ","14.15","14.15","13.60","14.15","13.90","13.75","13.80","15.85","7.90","34,67,292","4,78,62,215.90","3,411"
"08-Feb-2024","EQ","13.95","14.35","13.55","14.20","14.25","14.15","13.87","15.85","7.90","45,58,756","6,32,45,089.15","4,762"
"07-Feb-2024","EQ","14.20","14.45","14.00","14.20","14.20","14.20","14.24","15.85","7.90","28,53,126","4,06,32,143.15","3,822"
"06-Feb-2024","EQ","14.10","14.45","13.80","14.00","14.20","14.20","14.16","15.85","7.90","26,97,693","3,81,99,952.55","3,561"
"05-Feb-2024","EQ","14.70","14.75","14.00","14.60","14.05","14.00","14.25","15.85","7.90","33,79,684","4,81,73,135.55","5,326"
"02-Feb-2024","EQ","15.15","15.30","14.50","14.85","14.60","14.60","14.99","15.85","7.90","32,68,376","4,90,08,762.10","4,603"
"01-Feb-2024","EQ","14.70","15.15","14.65","14.65","14.95","14.85","14.96","15.85","7.90","37,33,642","5,58,53,417.75","5,163"
"31-Jan-2024","EQ","15.50","15.85","14.50","15.25","14.65","14.65","14.90","15.85","7.90","89,01,497","13,26,67,348.35","8,289"
"30-Jan-2024","EQ","15.15","15.70","14.85","15.00","15.30","15.25","15.40","15.70","7.90","82,29,688","12,67,46,714.25","7,746"
"29-Jan-2024","EQ","14.60","15.10","14.55","14.45","14.90","15.00","14.94","15.55","7.90","60,62,954","9,06,02,853.60","5,529"
"25-Jan-2024","EQ","14.35","14.75","14.30","14.30","14.50","14.45","14.53","15.55","7.90","24,85,139","3,61,05,128.05","3,602"
"24-Jan-2024","EQ","14.05","14.45","13.65","14.05","14.40","14.30","14.05","15.55","7.90","32,23,660","4,52,91,161.50","4,109"
"23-Jan-2024","EQ","15.10","15.10","14.05","14.75","14.05","14.05","14.50","15.55","7.90","37,64,767","5,45,94,987.85","5,120"
"20-Jan-2024","EQ","14.55","14.75","13.90","14.05","14.75","14.75","14.48","15.55","7.90","59,46,337","8,61,12,329.10","5,576"
"19-Jan-2024","EQ","14.00","14.30","13.85","13.85","14.10","14.05","14.11","15.55","7.90","38,18,643","5,38,85,256.00","4,407"
"18-Jan-2024","EQ","13.20","13.85","13.05","13.20","13.85","13.85","13.57","15.55","7.90","37,52,310","5,09,19,597.15","3,594"
"17-Jan-2024","EQ","13.40","13.40","12.95","13.40","13.25","13.20","13.16","15.55","7.90","20,79,219","2,73,55,125.60","2,630"
"16-Jan-2024","EQ","13.20","13.50","12.90","13.05","13.40","13.40","13.25","15.55","7.90","23,44,616","3,10,61,254.40","2,982"
"15-Jan-2024","EQ","13.55","13.60","12.90","13.35","13.10","13.05","13.17","15.55","7.90","27,65,743","3,64,32,654.55","4,045"
"12-Jan-2024","EQ","13.70","13.70","13.25","13.50","13.40","13.35","13.44","15.55","7.90","13,97,675","1,87,88,791.75","2,704"
"11-Jan-2024","EQ","13.60","13.70","13.45","13.40","13.50","13.50","13.60","15.55","7.90","17,16,634","2,33,41,717.30","2,863"
"10-Jan-2024","EQ","13.85","14.00","13.35","13.85","13.40","13.40","13.61","15.55","7.90","21,90,334","2,98,14,504.00","3,451"
"09-Jan-2024","EQ","13.85","14.25","13.75","13.80","13.85","13.85","13.99","15.55","7.90","24,77,361","3,46,65,194.30","3,806"
"08-Jan-2024","EQ","13.80","14.30","13.70","13.75","13.85","13.80","13.97","15.55","7.90","33,69,928","4,70,93,946.00","4,266"
"05-Jan-2024","EQ","14.20","14.20","13.45","14.00","13.70","13.75","13.83","15.55","7.90","53,83,965","7,44,58,791.30","5,931"
"04-Jan-2024","EQ","14.90","15.15","13.95","14.65","13.95","14.00","14.27","15.55","7.90","1,29,20,501","18,43,30,604.90","10,381"
"03-Jan-2024","EQ","15.45","15.55","14.45","14.85","14.80","14.65","15.11","15.55","7.90","1,24,54,328","18,82,40,909.35","12,192"
"02-Jan-2024","EQ","14.25","14.85","14.05","14.15","14.85","14.85","14.72","14.85","7.90","1,38,07,659","20,32,16,329.05","8,516"
"01-Jan-2024","EQ","13.00","14.15","12.95","12.90","14.15","14.15","13.73","14.15","7.90","92,78,437","12,73,99,915.45","6,964"
"29-Dec-2023","EQ","12.60","13.50","12.45","12.55","12.90","12.90","13.03","13.55","7.90","87,97,339","11,46,07,681.35","6,602"
"28-Dec-2023","EQ","12.65","12.85","11.85","12.50","12.65","12.55","12.38","13.55","7.90","63,25,070","7,83,07,013.85","5,973"
"27-Dec-2023","EQ","12.95","13.30","12.25","12.25","12.40","12.50","12.85","13.55","7.90","1,31,40,111","16,88,01,907.60","10,952"
"26-Dec-2023","EQ","11.20","12.30","11.10","11.20","12.30","12.25","12.00","13.55","7.90","1,20,31,599","14,44,04,597.10","8,196"
"22-Dec-2023","EQ","11.45","11.65","11.05","11.15","11.30","11.20","11.35","13.55","7.90","47,07,876","5,34,51,412.50","4,056"
"21-Dec-2023","EQ","10.60","11.35","10.45","10.60","11.30","11.15","11.06","13.55","7.90","78,38,522","8,66,87,109.20","4,953"
"20-Dec-2023","EQ","10.70","11.60","10.45","10.55","10.70","10.60","11.21","13.55","7.90","1,65,32,297","18,53,51,953.70","9,201"
"19-Dec-2023","EQ","10.50","10.80","10.30","10.40","10.50","10.55","10.56","13.55","7.90","34,57,029","3,64,95,161.20","2,496"
"18-Dec-2023","EQ","10.50","10.70","10.25","10.25","10.45","10.40","10.48","13.55","7.90","19,93,858","2,08,91,564.65","2,141"
"15-Dec-2023","EQ","10.80","10.90","10.15","10.70","10.30","10.25","10.49","13.55","7.90","30,06,011","3,15,47,304.55","2,833"
"14-Dec-2023","EQ","10.75","10.90","10.35","10.50","10.65","10.70","10.71","13.55","7.90","53,61,507","5,74,18,825.10","3,504"
"13-Dec-2023","EQ","10.60","10.60","9.95","10.35","10.50","10.50","10.41","13.55","7.90","66,05,110","6,87,65,172.05","4,505"
"12-Dec-2023","EQ","10.00","10.40","9.80","9.80","10.35","10.35","10.15","13.55","7.90","49,88,634","5,06,55,436.50","3,794"
"11-Dec-2023","EQ","10.20","10.25","9.60","10.05","9.90","9.80","9.91","13.55","7.90","26,73,369","2,64,83,620.95","2,929"
"08-Dec-2023","EQ","10.15","10.60","10.00","9.80","10.10","10.05","10.24","13.55","7.90","88,67,289","9,07,92,394.05","6,382"
"07-Dec-2023","EQ","9.40","9.80","9.10","8.95","9.80","9.80","9.62","13.55","7.90","43,55,053","4,18,74,471.40","2,680"
"06-Dec-2023","EQ","8.65","8.95","8.55","8.55","8.95","8.95","8.81","13.55","7.90","16,63,866","1,46,65,625.45","1,346"
"05-Dec-2023","EQ","8.60","8.75","8.50","8.60","8.60","8.55","8.60","13.55","7.90","11,09,883","95,43,797.40","1,373"
"04-Dec-2023","EQ","8.80","8.85","8.55","8.60","8.60","8.60","8.70","13.55","7.90","17,42,040","1,51,61,011.05","1,537"
"01-Dec-2023","EQ","8.55","8.70","8.50","8.50","8.60","8.60","8.61","13.55","7.90","6,75,086","58,11,259.45","1,021"
"30-Nov-2023","EQ","8.55","8.65","8.50","8.55","8.55","8.50","8.55","13.55","7.90","4,65,944","39,84,548.05","891"
"29-Nov-2023","EQ","8.70","8.75","8.55","8.65","8.60","8.55","8.66","13.55","7.90","7,12,726","61,68,674.85","868"
"28-Nov-2023","EQ","8.60","8.75","8.50","8.50","8.70","8.65","8.65","13.55","7.90","8,63,926","74,74,876.20","947"
"24-Nov-2023","EQ","8.55","8.60","8.50","8.55","8.50","8.50","8.53","13.55","7.90","3,77,964","32,24,950.30","698"
"23-Nov-2023","EQ","8.55","8.65","8.50","8.55","8.60","8.55","8.59","13.55","7.90","5,10,276","43,82,759.30","727"
"22-Nov-2023","EQ","8.60","8.65","8.50","8.60","8.55","8.55","8.58","13.55","7.90","5,26,399","45,14,563.85","623"
"21-Nov-2023","EQ","8.55","8.65","8.50","8.55","8.55","8.60","8.60","13.55","7.90","7,31,386","62,92,544.45","837"
"20-Nov-2023","EQ","8.55","8.65","8.50","8.55","8.55","8.55","8.56","13.55","7.90","5,71,519","48,90,496.60","829"
"17-Nov-2023","EQ","8.70","8.70","8.50","8.65","8.55","8.55","8.57","13.55","7.90","8,02,227","68,75,150.00","1,120"
"16-Nov-2023","EQ","8.65","8.75","8.60","8.60","8.70","8.65","8.65","13.55","7.90","6,31,344","54,62,852.15","957"
"15-Nov-2023","EQ","8.60","8.80","8.50","8.70","8.60","8.60","8.61","13.55","7.90","10,95,829","94,34,015.15","1,284"
"13-Nov-2023","EQ","8.80","8.80","8.65","8.75","8.75","8.70","8.72","13.55","7.90","4,24,316","36,99,897.10","624"
"12-Nov-2023","EQ","8.80","9.00","8.75","8.65","8.80","8.75","8.85","13.55","7.90","8,82,332","78,10,566.00","1,093"
"10-Nov-2023","EQ","8.55","8.80","8.50","8.50","8.65","8.65","8.64","13.55","7.90","10,56,474","91,30,916.15","944"
"09-Nov-2023","EQ","8.75","8.90","8.50","8.60","8.50","8.50","8.64","13.55","7.90","13,63,058","1,17,80,627.95","1,431"
"08-Nov-2023","EQ","8.20","8.60","8.20","8.20","8.60","8.60","8.51","13.55","7.90","12,73,372","1,08,38,202.55","929"
"07-Nov-2023","EQ","8.20","8.25","8.15","8.25","8.15","8.20","8.19","13.55","7.90","5,32,979","43,67,380.10","896"
"06-Nov-2023","EQ","8.35","8.45","8.10","8.25","8.25","8.25","8.23","13.55","7.90","14,26,390","1,17,43,491.60","1,190"
"03-Nov-2023","EQ","8.10","8.35","8.10","8.10","8.20","8.25","8.22","13.55","7.90","8,69,877","71,53,738.45","960"
"02-Nov-2023","EQ","8.25","8.35","8.05","8.25","8.10","8.10","8.14","13.55","7.90","11,17,897","91,04,126.05","1,451"
"01-Nov-2023","EQ","8.25","8.35","8.20","8.25","8.25","8.25","8.27","13.55","7.90","2,38,407","19,71,347.80","552"
"31-Oct-2023","EQ","8.30","8.45","8.25","8.30","8.25","8.25","8.32","13.55","7.90","4,67,337","38,88,102.45","795"
"30-Oct-2023","EQ","8.30","8.50","8.15","8.30","8.30","8.30","8.31","13.55","7.90","4,17,804","34,73,842.00","718"
"27-Oct-2023","EQ","8.25","8.50","8.20","8.20","8.25","8.30","8.30","13.55","7.90","4,94,237","41,03,577.75","924"
"26-Oct-2023","EQ","8.30","8.35","8.00","8.25","8.25","8.20","8.14","13.55","7.90","7,40,099","60,21,215.65","987"
"25-Oct-2023","EQ","8.50","8.55","8.25","8.30","8.30","8.25","8.35","13.55","7.90","6,58,217","54,98,822.85","994"
"23-Oct-2023","EQ","8.75","8.80","8.25","8.65","8.40","8.30","8.51","13.55","7.90","11,76,890","1,00,17,657.35","1,352"
"20-Oct-2023","EQ","8.75","8.85","8.55","8.80","8.75","8.65","8.70","13.55","7.90","10,03,831","87,33,755.75","917"
"19-Oct-2023","EQ","8.85","8.90","8.70","8.85","8.90","8.80","8.78","13.55","7.90","5,44,073","47,74,300.10","792"
"18-Oct-2023","EQ","8.80","9.10","8.50","8.90","9.00","8.85","8.82","13.55","7.90","17,42,798","1,53,74,974.00","1,498"
"17-Oct-2023","EQ","9.15","9.15","8.90","8.90","8.90","8.90","8.99","13.55","7.90","16,22,296","1,45,81,811.15","1,288"
"16-Oct-2023","EQ","8.80","9.10","8.65","8.70","8.95","8.90","8.96","13.55","7.90","26,27,696","2,35,41,279.15","2,103"
"13-Oct-2023","EQ","8.80","8.80","8.65","8.75","8.70","8.70","8.74","13.55","7.90","7,62,290","66,59,640.55","938"
"12-Oct-2023","EQ","8.70","8.80","8.65","8.75","8.80","8.75","8.71","13.55","7.90","9,17,332","79,88,874.45","873"
"11-Oct-2023","EQ","8.80","8.85","8.65","8.70","8.65","8.75","8.72","13.55","7.90","11,00,718","95,99,744.25","1,060"
"10-Oct-2023","EQ","8.65","8.90","8.60","8.55","8.65","8.70","8.74","13.55","7.90","13,33,660","1,16,54,230.05","1,007"
"09-Oct-2023","EQ","8.65","8.65","8.30","8.65","8.55","8.55","8.48","13.55","7.90","17,40,623","1,47,57,933.65","1,202"
"06-Oct-2023","EQ","8.85","8.90","8.55","8.70","8.65","8.65","8.68","13.55","7.90","7,03,716","61,11,325.10","1,021"
"05-Oct-2023","EQ","8.40","8.70","8.35","8.30","8.70","8.70","8.58","13.55","7.90","11,64,449","99,93,181.00","1,220"
"04-Oct-2023","EQ","8.40","8.45","8.10","8.45","8.30","8.30","8.24","13.55","7.90","14,09,295","1,16,08,500.10","1,534"
"03-Oct-2023","EQ","8.60","8.60","8.40","8.55","8.45","8.45","8.45","13.55","7.90","7,52,608","63,58,976.05","1,047"
"29-Sep-2023","EQ","8.65","8.70","8.55","8.60","8.60","8.55","8.60","13.55","7.90","4,67,562","40,20,095.65","837"
"28-Sep-2023","EQ","8.65","8.70","8.55","8.60","8.60","8.60","8.64","13.55","7.90","10,11,351","87,40,690.05","980"
"27-Sep-2023","EQ","8.60","8.65","8.50","8.55","8.65","8.60","8.59","13.55","7.90","6,55,205","56,28,170.15","882"
"26-Sep-2023","EQ","8.60","8.65","8.50","8.55","8.60","8.55","8.58","13.55","7.90","7,14,107","61,24,137.50","905"
"25-Sep-2023","EQ","8.60","8.70","8.55","8.55","8.55","8.55","8.59","13.55","7.90","7,42,891","63,78,819.60","930"
"22-Sep-2023","EQ","8.70","8.75","8.50","8.60","8.60","8.55","8.60","13.55","7.90","13,14,190","1,13,07,570.00","1,096"
"21-Sep-2023","EQ","8.65","8.75","8.55","8.60","8.60","8.60","8.61","13.55","7.90","14,11,583","1,21,52,519.30","1,442"
"20-Sep-2023","EQ","8.50","8.90","8.50","8.55","8.65","8.60","8.68","13.55","7.90","18,17,942","1,57,88,402.75","1,771"
"18-Sep-2023","EQ","8.95","8.95","8.40","8.75","8.55","8.55","8.59","13.55","7.90","37,23,821","3,19,77,070.95","2,699"
"15-Sep-2023","EQ","8.75","9.00","8.60","8.65","8.70","8.75","8.84","13.55","7.90","29,34,944","2,59,30,497.45","2,520"
"14-Sep-2023","EQ","8.40","8.65","8.35","8.25","8.65","8.65","8.60","13.55","7.90","11,27,471","96,95,739.15","1,170"
"13-Sep-2023","EQ","8.35","8.70","8.20","8.55","8.30","8.25","8.35","13.55","7.90","34,89,007","2,91,41,780.55","3,472"
"12-Sep-2023","EQ","9.05","9.05","8.55","9.00","8.55","8.55","8.60","13.55","7.90","49,47,810","4,25,35,793.85","2,855"
"11-Sep-2023","EQ","9.50","9.60","9.00","9.45","9.00","9.00","9.07","13.55","7.90","44,19,473","4,00,74,788.70","2,929"
"08-Sep-2023","EQ","10.05","10.20","9.40","9.85","9.45","9.45","9.65","13.55","7.90","37,72,039","3,63,93,391.05","3,172"
"07-Sep-2023","EQ","9.45","9.85","9.45","9.40","9.85","9.85","9.79","13.55","7.90","14,36,423","1,40,60,097.65","812"
"06-Sep-2023","EQ","9.15","9.55","9.15","9.10","9.40","9.40","9.46","13.55","7.90","56,13,152","5,31,22,203.65","3,445"
"05-Sep-2023","EQ","8.90","9.25","8.70","8.85","9.10","9.10","8.99","13.55","7.90","37,90,179","3,40,63,435.95","2,281"
"04-Sep-2023","EQ","9.10","9.10","8.70","8.75","8.90","8.85","8.96","13.55","7.90","20,99,803","1,88,10,268.90","1,813"
"01-Sep-2023","EQ","8.55","8.85","8.55","8.50","8.75","8.75","8.69","13.55","7.90","11,02,380","95,75,349.35","1,276"
"31-Aug-2023","EQ","8.60","8.65","8.50","8.50","8.55","8.50","8.57","13.55","7.90","7,76,226","66,52,902.30","1,221"
"30-Aug-2023","EQ","8.30","8.75","8.30","8.45","8.55","8.50","8.58","13.55","7.90","24,59,116","2,10,91,483.55","4,624"
"29-Aug-2023","EQ","9.20","9.20","8.40","8.80","8.40","8.45","8.89","13.55","7.90","84,37,396","7,49,94,715.30","4,880"
"28-Aug-2023","EQ","8.80","8.80","8.80","8.40","8.80","8.80","8.80","13.55","7.90","3,75,029","33,00,255.20","240"
"25-Aug-2023","EQ","8.15","8.40","8.10","8.00","8.40","8.40","8.34","13.55","7.90","17,40,140","1,45,20,010.65","820"
"24-Aug-2023","EQ","7.90","8.35","7.90","8.30","8.00","8.00","8.01","13.55","7.90","1,48,57,051","11,89,68,308.40","7,832"
"23-Aug-2023","EQ","8.30","8.30","8.30","8.70","8.30","8.30","8.30","13.55","7.95","10,29,574","85,45,464.20","1,419"
"22-Aug-2023","EQ","8.70","9.05","8.70","9.15","8.70","8.70","8.74","13.55","7.95","1,07,06,451","9,36,06,172.30","2,627"
"21-Aug-2023","EQ","9.15","9.15","9.15","9.60","9.15","9.15","9.15","13.55","7.95","2,76,571","25,30,624.65","577"
"18-Aug-2023","EQ","9.60","9.60","9.60","10.10","9.60","9.60","9.60","13.55","7.95","3,00,465","28,84,464.00","554"
"17-Aug-2023","EQ","10.10","10.10","10.10","10.60","10.10","10.10","10.10","13.55","7.95","2,21,454","22,36,685.40","350"
"16-Aug-2023","EQ","10.60","10.60","10.60","11.15","10.60","10.60","10.60","13.55","7.95","7,65,295","81,12,127.00","533"
"14-Aug-2023","EQ","12.10","12.10","11.00","11.55","11.10","11.15","11.39","13.55","7.95","53,69,714","6,11,64,470.45","3,595"
"11-Aug-2023","EQ","10.65","11.55","10.50","10.50","11.55","11.55","11.37","13.55","7.95","62,98,810","7,16,22,677.85","4,304"
"10-Aug-2023","EQ","11.25","11.25","10.25","10.85","10.55","10.50","10.61","13.55","7.95","16,43,254","1,74,28,821.00","2,526"
"09-Aug-2023","EQ","10.10","10.85","10.10","9.90","10.85","10.85","10.69","13.55","7.95","50,42,298","5,39,21,153.90","3,645"
"08-Aug-2023","EQ","9.00","9.90","9.00","9.00","9.90","9.90","9.70","13.55","7.95","26,70,128","2,59,05,503.15","2,606"
"07-Aug-2023","EQ","8.90","9.10","8.75","8.80","8.90","9.00","8.93","13.55","7.95","12,32,718","1,10,05,771.50","1,193"
"04-Aug-2023","EQ","8.60","8.85","8.60","8.60","8.80","8.80","8.77","13.55","7.95","4,55,774","39,95,912.00","960"
"03-Aug-2023","EQ","8.80","8.90","8.40","8.70","8.65","8.60","8.66","13.55","7.95","10,02,906","86,84,880.60","1,211"
"02-Aug-2023","EQ","8.95","9.05","8.65","8.95","8.75","8.70","8.78","13.55","7.95","8,87,021","77,84,946.20","1,087"
"01-Aug-2023","EQ","8.90","9.05","8.90","8.80","9.00","8.95","8.96","13.55","7.95","4,27,168","38,26,811.40","893"
"31-Jul-2023","EQ","9.10","9.20","8.80","9.00","8.90","8.80","8.95","13.55","7.95","7,36,977","65,94,773.60","1,013"
"28-Jul-2023","EQ","9.15","9.25","8.95","9.10","9.00","9.00","9.03","13.55","7.95","5,67,848","51,25,800.45","814"
"27-Jul-2023","EQ","8.90","9.25","8.75","8.90","9.15","9.10","9.05","13.55","7.95","6,06,243","54,88,114.20","902"
"26-Jul-2023","EQ","9.15","9.20","8.80","9.05","8.85","8.90","9.03","13.55","7.95","7,57,851","68,39,996.65","930"
"25-Jul-2023","EQ","8.90","9.20","8.60","8.80","9.15","9.05","8.94","13.55","7.95","7,22,412","64,59,171.80","867"
"24-Jul-2023","EQ","8.95","9.00","8.75","8.85","8.85","8.80","8.85","13.55","7.95","6,66,479","58,98,784.15","787"
"21-Jul-2023","EQ","8.80","8.95","8.75","8.80","8.90","8.85","8.82","13.55","7.95","5,45,775","48,15,290.80","761"
"20-Jul-2023","EQ","8.70","8.90","8.60","8.85","8.85","8.80","8.79","13.55","7.95","7,32,895","64,45,187.00","900"
"19-Jul-2023","EQ","8.85","9.05","8.60","8.80","8.85","8.85","8.79","13.55","7.95","9,38,406","82,46,275.50","1,226"
"18-Jul-2023","EQ","9.15","9.30","8.75","9.20","8.80","8.80","8.83","13.55","7.95","28,70,852","2,53,62,635.45","2,079"
"17-Jul-2023","EQ","9.40","9.50","9.15","9.40","9.20","9.20","9.22","13.55","7.95","6,06,303","55,90,899.55","1,146"
"14-Jul-2023","EQ","9.40","9.45","9.30","9.30","9.40","9.40","9.37","13.55","7.95","3,00,692","28,17,921.25","573"
"13-Jul-2023","EQ","9.65","9.65","9.30","9.55","9.35","9.30","9.44","13.55","7.95","3,42,522","32,34,009.95","781"
"12-Jul-2023","EQ","9.70","9.75","9.50","9.70","9.50","9.55","9.56","13.55","7.95","4,33,827","41,47,483.15","661"
"11-Jul-2023","EQ","9.90","10.00","9.65","9.80","9.70","9.70","9.84","13.55","7.95","4,32,922","42,60,541.20","676"
"10-Jul-2023","EQ","9.80","9.90","9.45","9.75","9.80","9.80","9.65","13.55","7.95","5,54,228","53,50,024.40","800"
"07-Jul-2023","EQ","9.50","9.80","9.50","9.55","9.80","9.75","9.64","13.55","7.95","5,46,006","52,63,714.00","796"
"06-Jul-2023","EQ","9.65","9.80","9.50","9.65","9.50","9.55","9.59","13.55","7.95","4,64,133","44,50,177.80","832"
"05-Jul-2023","EQ","9.50","9.70","9.40","9.45","9.60","9.65","9.52","13.55","7.95","6,34,671","60,44,417.70","778"
"04-Jul-2023","EQ","9.70","9.75","9.30","9.60","9.45","9.45","9.48","13.55","7.95","7,04,859","66,80,828.10","959"
"03-Jul-2023","EQ","9.65","9.85","9.40","9.65","9.60","9.60","9.57","13.55","7.95","7,68,635","73,57,776.50","995"
"30-Jun-2023","EQ","9.65","9.75","9.55","9.60","9.70","9.65","9.66","13.55","7.95","2,86,951","27,70,691.65","721"
"28-Jun-2023","EQ","9.65","9.75","9.55","9.60","9.65","9.60","9.66","13.55","7.95","2,62,045","25,30,348.15","671"
"27-Jun-2023","EQ","9.90","10.00","9.55","9.75","9.60","9.60","9.77","13.55","7.95","5,50,034","53,71,887.55","898"
"26-Jun-2023","EQ","9.55","9.95","9.50","9.75","9.90","9.75","9.69","13.55","7.95","5,99,672","58,09,255.60","1,000"
"23-Jun-2023","EQ","9.90","10.05","9.75","10.25","9.75","9.75","9.81","13.55","7.95","32,88,638","3,22,54,419.45","2,068"
"22-Jun-2023","EQ","11.00","11.05","10.10","10.55","10.10","10.25","10.82","13.55","7.95","29,22,778","3,16,34,639.35","2,282"
"21-Jun-2023","EQ","10.10","10.55","10.10","10.05","10.55","10.55","10.50","13.55","7.95","6,72,652","70,60,236.45","363"
"20-Jun-2023","EQ","10.15","10.25","9.95","10.10","10.10","10.05","10.11","13.55","7.95","4,27,371","43,19,104.10","708"
"19-Jun-2023","EQ","10.05","10.20","10.05","10.05","10.05","10.10","10.11","13.55","7.95","3,14,437","31,80,129.00","626"
"16-Jun-2023","EQ","10.40","10.40","10.00","10.30","10.10","10.05","10.07","13.55","7.95","5,47,023","55,10,937.15","853"
"15-Jun-2023","EQ","10.20","10.40","10.20","10.20","10.40","10.30","10.28","13.55","7.95","7,98,102","82,02,078.15","893"
"14-Jun-2023","EQ","10.05","10.30","9.70","9.90","10.25","10.20","10.07","13.55","7.95","7,76,646","78,19,614.10","1,176"
"13-Jun-2023","EQ","9.95","10.00","9.85","9.95","9.95","9.90","9.92","13.55","7.95","3,19,809","31,72,188.80","671"
"12-Jun-2023","EQ","10.05","10.20","9.90","10.00","10.00","9.95","10.01","13.55","7.95","4,60,317","46,07,167.85","796"
"09-Jun-2023","EQ","10.15","10.15","9.95","9.95","9.95","10.00","10.04","13.55","7.95","4,60,387","46,20,191.10","785"
"08-Jun-2023","EQ","10.20","10.30","9.85","10.05","9.95","9.95","10.01","13.55","7.95","9,15,896","91,63,689.20","982"
"07-Jun-2023","EQ","10.25","10.40","9.75","10.25","10.00","10.05","9.90","13.55","7.95","16,25,342","1,60,97,702.90","1,743"
"06-Jun-2023","EQ","9.95","10.30","9.80","10.00","10.15","10.25","10.19","13.55","7.95","7,27,908","74,16,690.80","893"
"05-Jun-2023","EQ","10.65","10.70","10.00","10.50","10.00","10.00","10.08","13.55","7.95","12,45,045","1,25,46,422.90","1,024"
"02-Jun-2023","EQ","11.05","11.05","10.45","10.80","10.45","10.50","10.68","13.55","7.95","3,19,840","34,16,329.55","738"
"01-Jun-2023","EQ","10.95","11.05","10.55","10.55","10.90","10.80","10.91","13.55","7.95","8,32,108","90,81,859.85","1,050"
"31-May-2023","EQ","10.20","10.55","10.10","10.05","10.55","10.55","10.51","13.55","7.95","4,17,034","43,83,466.25","303"
"30-May-2023","EQ","10.45","10.45","9.95","10.30","10.05","10.05","10.11","13.55","7.95","5,12,821","51,84,870.25","959"
"29-May-2023","EQ","10.80","10.80","10.20","10.65","10.30","10.30","10.39","13.55","7.95","3,46,635","36,02,838.05","847"
"26-May-2023","EQ","10.85","10.85","10.40","10.70","10.60","10.65","10.56","13.55","7.95","4,34,198","45,84,215.30","704"
"25-May-2023","EQ","11.00","11.00","10.60","10.80","10.65","10.70","10.72","13.55","7.95","3,56,940","38,25,797.70","581"
"24-May-2023","EQ","10.95","11.10","10.75","10.85","10.75","10.80","10.87","13.55","7.95","1,67,197","18,17,397.45","497"
"23-May-2023","EQ","11.00","11.15","10.75","10.85","10.85","10.85","10.94","13.55","7.95","2,33,329","25,52,752.70","475"
"22-May-2023","EQ","11.25","11.25","10.80","11.15","10.90","10.85","10.89","13.55","7.95","1,99,309","21,70,450.80","552"
"19-May-2023","EQ","11.00","11.25","10.85","10.95","11.10","11.15","11.05","13.55","7.95","2,16,913","23,97,429.55","502"
"18-May-2023","EQ","11.25","11.25","10.80","11.10","11.15","10.95","11.01","13.55","7.95","2,32,386","25,59,171.30","616"
"17-May-2023","EQ","11.40","11.40","11.00","11.20","11.15","11.10","11.17","13.55","7.95","3,13,902","35,04,835.25","709"
"16-May-2023","EQ","11.40","11.40","11.05","11.30","11.10","11.20","11.18","13.55","7.95","3,57,165","39,92,541.55","593"
"15-May-2023","EQ","11.00","11.40","10.70","10.90","11.30","11.30","11.17","13.55","7.95","8,24,346","92,11,561.90","1,147"
"12-May-2023","EQ","11.00","11.15","10.85","11.00","10.90","10.90","10.97","14.35","7.95","4,53,538","49,75,416.45","822"
"11-May-2023","EQ","11.10","11.25","10.95","11.10","10.95","11.00","11.11","14.35","7.95","9,54,370","1,06,07,178.55","870"
"10-May-2023","EQ","11.00","11.40","11.00","11.15","11.25","11.10","11.21","14.35","7.95","4,03,239","45,21,851.25","584"
"09-May-2023","EQ","11.20","11.35","11.05","11.20","11.25","11.15","11.15","14.35","7.95","5,04,702","56,25,027.65","693"
"08-May-2023","EQ","11.20","11.40","11.10","11.20","11.20","11.20","11.22","14.35","7.95","3,53,975","39,70,930.30","726"
"05-May-2023","EQ","11.85","11.85","10.95","11.45","11.25","11.20","11.25","14.60","7.95","9,33,377","1,04,97,708.70","1,344"
"04-May-2023","EQ","11.15","11.60","11.00","11.05","11.60","11.45","11.31","14.60","7.95","7,87,162","89,05,959.45","1,156"
"03-May-2023","EQ","11.20","11.40","10.95","11.20","11.15","11.05","11.12","14.60","7.95","5,06,278","56,30,389.95","1,133"
"02-May-2023","EQ","11.05","11.50","11.05","11.35","11.20","11.20","11.25","14.60","7.95","4,23,936","47,69,297.65","927"
"28-Apr-2023","EQ","11.35","11.55","11.05","11.15","11.40","11.35","11.34","16.50","7.95","7,12,874","80,85,631.30","1,088"
"27-Apr-2023","EQ","11.40","11.50","11.05","11.30","11.20","11.15","11.26","16.50","7.95","4,98,775","56,15,845.50","966"
"26-Apr-2023","EQ","11.65","11.80","11.15","11.65","11.35","11.30","11.41","16.50","7.95","12,61,041","1,43,91,164.00","1,590"
"25-Apr-2023","EQ","11.45","12.35","11.45","11.80","11.55","11.65","12.09","16.50","7.95","34,39,892","4,15,86,645.20","3,090"
"24-Apr-2023","EQ","12.05","12.20","11.80","12.40","11.80","11.80","11.84","16.50","7.95","14,14,470","1,67,48,165.35","1,113"
"21-Apr-2023","EQ","13.15","13.25","12.40","13.05","12.40","12.40","12.50","19.55","7.95","16,11,534","2,01,51,416.25","1,718"
"20-Apr-2023","EQ","13.05","13.40","12.75","12.85","12.90","13.05","13.06","19.55","7.95","8,35,550","1,09,09,822.25","1,601"
"19-Apr-2023","EQ","13.45","13.55","12.65","12.95","12.75","12.85","13.40","19.55","7.95","43,20,678","5,78,82,901.25","3,870"
"18-Apr-2023","EQ","12.95","12.95","12.00","12.35","12.95","12.95","12.85","19.55","7.95","44,97,910","5,77,79,288.20","3,386"
"17-Apr-2023","EQ","12.35","12.35","11.90","11.80","12.35","12.35","12.34","19.55","7.95","18,46,423","2,27,93,300.70","684"
"13-Apr-2023","EQ","11.20","11.80","10.95","11.25","11.80","11.80","11.37","19.55","7.95","12,73,464","1,44,80,814.70","1,822"
"12-Apr-2023","EQ","12.20","12.20","11.10","11.65","11.20","11.25","11.92","19.55","7.95","80,38,084","9,57,78,221.00","5,997"
"11-Apr-2023","EQ","11.65","11.65","11.65","11.10","11.65","11.65","11.65","19.55","7.95","1,93,764","22,57,350.60","212"
"10-Apr-2023","EQ","11.10","11.10","10.25","10.60","11.10","11.10","10.97","19.55","7.95","42,98,205","4,71,61,301.25","2,486"